[
  {
    "id": 45,
    "title": "REQ: Metric Market (Range Builder) → AnyComp Integration",
    "type": "project",
    "appTarget": "metric-market",
    "status": "planned",
    "priority": "high",
    "description": "# REQ: Metric Market (Range Builder) → AnyComp Integration\n\nRange Builder is the structural engineering console (lives in Metric Market) where compensation ranges are designed. AnyComp is the downstream strategic decision engine that evaluates those designs against business strategy, compares scenarios, applies budgets, and drives approval workflows.\n\n## Key Requirements\n- **RangeBuilderChangeEvent consumption**: capture range adjustment events as scenario snapshots (job_family_id, grade, range_min/mid/max, spread, midpoint_progression, effective_date, change_reason)\n- **Pay Structure Config sharing**: import complete pay structure configurations for strategic evaluation\n- **5 Sub-Index computation flow**: Market Alignment (MRP proximity), Cost Discipline (budget adherence), Internal Equity (compa-ratio variance), Workforce Placement (in-range %), Range Hygiene (overlap/spread)\n- **Feature responsibility boundary**: Range Builder owns range construction; AnyComp owns strategic evaluation, scenario comparison, and approval workflows\n- **AnyComp enriches** Range Builder output but never replaces it\n\n## Priority Phase\nPriority 1 (MVP)\n\n## References\n- Full Requirements Doc: requirements/REQ-metric-market.md\n- VISION.md Reference: Sections 3, 4, 8.6, 8.7",
    "acceptanceCriteria": [
      "RangeBuilderChangeEvent consumption as scenario snapshots",
      "Pay Structure Config sharing for strategic evaluation",
      "5 Sub-Index computation flow (Market Alignment, Cost Discipline, Internal Equity, Workforce Placement, Range Hygiene)",
      "Feature responsibility boundary enforced between Range Builder and AnyComp",
      "AnyComp enriches Range Builder output without replacing it"
    ],
    "technicalNotes": null,
    "estimatedEffort": null,
    "assignedTo": null,
    "dependencies": null,
    "tags": [
      "integration",
      "anycomp",
      "metric-market",
      "range-builder",
      "mvp"
    ],
    "agentNotes": null,
    "position": 0,
    "createdAt": "2026-02-14T22:39:58.546Z",
    "updatedAt": "2026-02-14T22:39:58.546Z",
    "completedAt": null,
    "isDeleted": false,
    "deletedAt": null
  },
  {
    "id": 53,
    "title": "Accept Development Velocity Card Bundle Registration",
    "type": "feature",
    "appTarget": "metric-market",
    "status": "backlog",
    "priority": "medium",
    "description": "Metric Market needs to accept card bundle registration from Product Kanban for Development Velocity dashboards. Support POST /api/bundles for bundle registration and POST /api/bundles/:bundleId/data for metric snapshot pushes. Chart types needed: multi-line, stacked bar, heatmap, gauge.",
    "acceptanceCriteria": [
      "POST /api/bundles accepts bundle registration from Kanban",
      "POST /api/bundles/:bundleId/data accepts metric snapshots",
      "Multi-line, stacked bar, heatmap, gauge chart types supported"
    ],
    "technicalNotes": null,
    "estimatedEffort": null,
    "assignedTo": null,
    "dependencies": null,
    "tags": [
      "metric-market",
      "dashboard",
      "integration",
      "p2"
    ],
    "agentNotes": null,
    "position": 0,
    "createdAt": "2026-02-14T23:36:28.754Z",
    "updatedAt": "2026-02-14T23:36:28.754Z",
    "completedAt": null,
    "isDeleted": false,
    "deletedAt": null
  },
  {
    "id": 62,
    "title": "RangeBuilderChangeEvent Publisher for AnyComp",
    "type": "feature",
    "appTarget": "metric-market",
    "status": "planned",
    "priority": "high",
    "description": "Metric Market (Range Builder) must publish RangeBuilderChangeEvent payloads when range adjustments occur, for AnyComp to capture as scenario snapshots. Fields: job_family_id, grade, range_min/mid/max, spread, midpoint_progression, effective_date, change_reason.",
    "acceptanceCriteria": [
      "Publish change events on range adjustments",
      "Payload includes all required fields",
      "Event format consumable by AnyComp",
      "Historical events queryable"
    ],
    "technicalNotes": null,
    "estimatedEffort": null,
    "assignedTo": null,
    "dependencies": null,
    "tags": [
      "metric-market",
      "anycomp",
      "range-builder",
      "mvp"
    ],
    "agentNotes": null,
    "position": 0,
    "createdAt": "2026-02-14T23:36:28.828Z",
    "updatedAt": "2026-02-14T23:36:28.828Z",
    "completedAt": null,
    "isDeleted": false,
    "deletedAt": null
  },
  {
    "id": 71,
    "title": "Spoke Data Push Contract for Forecast Cards",
    "type": "task",
    "appTarget": "metric-market",
    "status": "backlog",
    "priority": "medium",
    "description": "Document the exact bundle discovery and card creation/update API endpoints and payload schemas for spoke apps pushing visualization data. Confirm which chart types support confidence bands, histograms, and tornado layouts.",
    "acceptanceCriteria": [
      "Documented API endpoints for bundle discovery",
      "Payload schemas for card creation/update",
      "Chart type compatibility matrix"
    ],
    "technicalNotes": null,
    "estimatedEffort": null,
    "assignedTo": null,
    "dependencies": null,
    "tags": [
      "metric-market",
      "people-analyst",
      "api",
      "phase2"
    ],
    "agentNotes": null,
    "position": 0,
    "createdAt": "2026-02-14T23:36:28.952Z",
    "updatedAt": "2026-02-14T23:36:28.952Z",
    "completedAt": null,
    "isDeleted": false,
    "deletedAt": null
  },
  {
    "id": 72,
    "title": "Forecast Card Bundle Registration in Metric Market",
    "type": "task",
    "appTarget": "metric-market",
    "status": "backlog",
    "priority": "low",
    "description": "Register a 'PeopleAnalyst Forecasts' card bundle in Metric Market's workbench to house incoming forecast visualization cards from PeopleAnalyst.",
    "acceptanceCriteria": [
      "PeopleAnalyst Forecasts bundle registered",
      "Bundle visible in workbench",
      "Accepts incoming cards from PeopleAnalyst"
    ],
    "technicalNotes": null,
    "estimatedEffort": null,
    "assignedTo": null,
    "dependencies": null,
    "tags": [
      "metric-market",
      "people-analyst",
      "bundle",
      "phase2"
    ],
    "agentNotes": null,
    "position": 0,
    "createdAt": "2026-02-14T23:36:28.958Z",
    "updatedAt": "2026-02-14T23:36:28.958Z",
    "completedAt": null,
    "isDeleted": false,
    "deletedAt": null
  },
  {
    "id": 83,
    "title": "Build Market Data Ingestion Endpoint from Conductor",
    "type": "feature",
    "appTarget": "metric-market",
    "status": "backlog",
    "priority": "high",
    "description": "Implement POST /api/ingest/conductor that accepts Conductor's market compensation payload (P50/P75 percentiles, BLS OES wages, employee counts) and maps it to Range Builder and card data formats.",
    "acceptanceCriteria": [
      "POST /api/ingest/conductor endpoint implemented",
      "Maps P50/P75 percentiles to Range Builder format",
      "Handles BLS OES wage data"
    ],
    "technicalNotes": null,
    "estimatedEffort": null,
    "assignedTo": null,
    "dependencies": null,
    "tags": [
      "metric-market",
      "conductor",
      "ingestion",
      "phase1"
    ],
    "agentNotes": null,
    "position": 0,
    "createdAt": "2026-02-14T23:49:05.323Z",
    "updatedAt": "2026-02-17T14:53:44.877Z",
    "completedAt": null,
    "isDeleted": false,
    "deletedAt": null
  },
  {
    "id": 84,
    "title": "Register Canonical Field Mappings with Hub",
    "type": "task",
    "appTarget": "metric-market",
    "status": "backlog",
    "priority": "high",
    "description": "Sync field mappings (base_salary, total_compensation, pay_grade, compa_ratio, department, job_title, hire_date) to Hub via POST /api/spoke/metric-market/fields/sync.",
    "acceptanceCriteria": [
      "7 canonical fields synced to Hub",
      "POST /api/spoke/metric-market/fields/sync implemented"
    ],
    "technicalNotes": null,
    "estimatedEffort": null,
    "assignedTo": null,
    "dependencies": null,
    "tags": [
      "metric-market",
      "hub",
      "field-exchange",
      "phase1"
    ],
    "agentNotes": null,
    "position": 0,
    "createdAt": "2026-02-14T23:49:05.352Z",
    "updatedAt": "2026-02-14T23:49:05.352Z",
    "completedAt": null,
    "isDeleted": false,
    "deletedAt": null
  },
  {
    "id": 85,
    "title": "Wire Range Builder to Live Conductor Data",
    "type": "feature",
    "appTarget": "metric-market",
    "status": "backlog",
    "priority": "high",
    "description": "Replace simulated market data in Range Builder with live data from Conductor's market compensation pipeline.",
    "acceptanceCriteria": [
      "Range Builder uses live Conductor data",
      "Simulated data replaced",
      "Graceful fallback if Conductor unavailable"
    ],
    "technicalNotes": null,
    "estimatedEffort": null,
    "assignedTo": null,
    "dependencies": null,
    "tags": [
      "metric-market",
      "conductor",
      "range-builder",
      "phase1"
    ],
    "agentNotes": null,
    "position": 0,
    "createdAt": "2026-02-14T23:49:05.362Z",
    "updatedAt": "2026-02-17T14:53:44.883Z",
    "completedAt": null,
    "isDeleted": false,
    "deletedAt": null
  },
  {
    "id": 86,
    "title": "Create Initial Compensation Card Instances from Conductor",
    "type": "feature",
    "appTarget": "metric-market",
    "status": "backlog",
    "priority": "high",
    "description": "Auto-create range_strip, range_strip_aligned, and range_target_bullet card instances from Conductor market compensation data.",
    "acceptanceCriteria": [
      "Auto-create 3 card types from Conductor data"
    ],
    "technicalNotes": null,
    "estimatedEffort": null,
    "assignedTo": null,
    "dependencies": null,
    "tags": [
      "metric-market",
      "conductor",
      "cards",
      "phase1"
    ],
    "agentNotes": null,
    "position": 0,
    "createdAt": "2026-02-14T23:49:05.369Z",
    "updatedAt": "2026-02-14T23:49:05.369Z",
    "completedAt": null,
    "isDeleted": false,
    "deletedAt": null
  },
  {
    "id": 89,
    "title": "Build Metric Push Ingestion Endpoint from Metric Engine",
    "type": "feature",
    "appTarget": "metric-market",
    "status": "backlog",
    "priority": "high",
    "description": "Implement POST /api/ingest/metric-engine that accepts computed metric payloads (value, trend, statistics, segments) and auto-discovers matching card bundles.",
    "acceptanceCriteria": [
      "POST /api/ingest/metric-engine endpoint",
      "Auto-discovers matching card bundles"
    ],
    "technicalNotes": null,
    "estimatedEffort": null,
    "assignedTo": null,
    "dependencies": null,
    "tags": [
      "metric-market",
      "metric-engine",
      "ingestion",
      "phase2"
    ],
    "agentNotes": null,
    "position": 0,
    "createdAt": "2026-02-14T23:49:05.403Z",
    "updatedAt": "2026-02-17T14:53:44.895Z",
    "completedAt": null,
    "isDeleted": false,
    "deletedAt": null
  },
  {
    "id": 90,
    "title": "Auto-Create Cards from Incoming Metrics",
    "type": "feature",
    "appTarget": "metric-market",
    "status": "backlog",
    "priority": "high",
    "description": "When a new metric arrives with no matching card, automatically create a card instance using best-fit chart type (multi_line, confidence_band, sparkline_rows).",
    "acceptanceCriteria": [
      "Auto-create cards for unmatched metrics",
      "Best-fit chart type selection"
    ],
    "technicalNotes": null,
    "estimatedEffort": null,
    "assignedTo": null,
    "dependencies": null,
    "tags": [
      "metric-market",
      "metric-engine",
      "auto-create",
      "phase2"
    ],
    "agentNotes": null,
    "position": 0,
    "createdAt": "2026-02-14T23:49:05.410Z",
    "updatedAt": "2026-02-14T23:49:05.410Z",
    "completedAt": null,
    "isDeleted": false,
    "deletedAt": null
  },
  {
    "id": 91,
    "title": "Bidirectional Metric Definition Sync with Metric Engine",
    "type": "feature",
    "appTarget": "metric-market",
    "status": "backlog",
    "priority": "medium",
    "description": "Expose GET /api/metric-definitions for Metric Engine to discover tracked metrics, and pull Metric Engine's registry to align keys.",
    "acceptanceCriteria": [
      "GET /api/metric-definitions endpoint",
      "Key alignment with Metric Engine"
    ],
    "technicalNotes": null,
    "estimatedEffort": null,
    "assignedTo": null,
    "dependencies": null,
    "tags": [
      "metric-market",
      "metric-engine",
      "sync",
      "phase2"
    ],
    "agentNotes": null,
    "position": 0,
    "createdAt": "2026-02-14T23:49:05.416Z",
    "updatedAt": "2026-02-14T23:49:05.416Z",
    "completedAt": null,
    "isDeleted": false,
    "deletedAt": null
  },
  {
    "id": 92,
    "title": "Push Visualization Specs to Metric Engine",
    "type": "task",
    "appTarget": "metric-market",
    "status": "backlog",
    "priority": "medium",
    "description": "Send available chart type mappings and bundle schemas to Metric Engine via Hub webhook.",
    "acceptanceCriteria": [
      "Chart type mappings sent via Hub webhook"
    ],
    "technicalNotes": null,
    "estimatedEffort": null,
    "assignedTo": null,
    "dependencies": null,
    "tags": [
      "metric-market",
      "metric-engine",
      "visualization",
      "phase2"
    ],
    "agentNotes": null,
    "position": 0,
    "createdAt": "2026-02-14T23:49:05.424Z",
    "updatedAt": "2026-02-14T23:49:05.424Z",
    "completedAt": null,
    "isDeleted": false,
    "deletedAt": null
  },
  {
    "id": 95,
    "title": "Build AnyComp Optimization Result Ingestion",
    "type": "feature",
    "appTarget": "metric-market",
    "status": "backlog",
    "priority": "high",
    "description": "Implement POST /api/ingest/anycomp that accepts scenario optimization results (budget utilization, equity/competitiveness scores, per-job recommendations).",
    "acceptanceCriteria": [
      "POST /api/ingest/anycomp endpoint",
      "Accepts budget utilization and equity scores"
    ],
    "technicalNotes": null,
    "estimatedEffort": null,
    "assignedTo": null,
    "dependencies": null,
    "tags": [
      "metric-market",
      "anycomp",
      "ingestion",
      "phase3"
    ],
    "agentNotes": null,
    "position": 0,
    "createdAt": "2026-02-14T23:49:05.447Z",
    "updatedAt": "2026-02-14T23:49:05.447Z",
    "completedAt": null,
    "isDeleted": false,
    "deletedAt": null
  },
  {
    "id": 96,
    "title": "Create Scenario Comparison Card Templates",
    "type": "feature",
    "appTarget": "metric-market",
    "status": "backlog",
    "priority": "medium",
    "description": "Build pre-configured card templates using bullet_bar and slope_comparison bundles for displaying AnyComp optimization outputs.",
    "acceptanceCriteria": [
      "bullet_bar and slope_comparison templates"
    ],
    "technicalNotes": null,
    "estimatedEffort": null,
    "assignedTo": null,
    "dependencies": null,
    "tags": [
      "metric-market",
      "anycomp",
      "templates",
      "phase3"
    ],
    "agentNotes": null,
    "position": 0,
    "createdAt": "2026-02-14T23:49:05.453Z",
    "updatedAt": "2026-02-14T23:49:05.453Z",
    "completedAt": null,
    "isDeleted": false,
    "deletedAt": null
  },
  {
    "id": 97,
    "title": "Build Compensation Decision Dashboard Layout",
    "type": "feature",
    "appTarget": "metric-market",
    "status": "backlog",
    "priority": "medium",
    "description": "Create a dashboard view combining Range Builder output with AnyComp recommendations in unified decision-support layout.",
    "acceptanceCriteria": [
      "Dashboard combines Range Builder and AnyComp data"
    ],
    "technicalNotes": null,
    "estimatedEffort": null,
    "assignedTo": null,
    "dependencies": null,
    "tags": [
      "metric-market",
      "anycomp",
      "dashboard",
      "phase3"
    ],
    "agentNotes": null,
    "position": 0,
    "createdAt": "2026-02-14T23:49:05.460Z",
    "updatedAt": "2026-02-14T23:49:05.460Z",
    "completedAt": null,
    "isDeleted": false,
    "deletedAt": null
  },
  {
    "id": 100,
    "title": "Define Forecast-Specific Card Bundles for PeopleAnalyst",
    "type": "feature",
    "appTarget": "metric-market",
    "status": "backlog",
    "priority": "medium",
    "description": "Create new card bundle definitions with data schemas for Monte Carlo output (percentile bands P10-P90, time series, assumptions, VOI analysis).",
    "acceptanceCriteria": [
      "Card bundles for Monte Carlo output",
      "P10-P90 percentile bands"
    ],
    "technicalNotes": null,
    "estimatedEffort": null,
    "assignedTo": null,
    "dependencies": null,
    "tags": [
      "metric-market",
      "people-analyst",
      "forecast",
      "phase4"
    ],
    "agentNotes": null,
    "position": 0,
    "createdAt": "2026-02-14T23:49:05.482Z",
    "updatedAt": "2026-02-14T23:49:05.482Z",
    "completedAt": null,
    "isDeleted": false,
    "deletedAt": null
  },
  {
    "id": 101,
    "title": "Build PeopleAnalyst Ingestion Endpoint in Metric Market",
    "type": "feature",
    "appTarget": "metric-market",
    "status": "backlog",
    "priority": "medium",
    "description": "Implement POST /api/ingest/people-analyst that accepts forecast data and maps to confidence_band, box_whisker, and bubble_scatter card types.",
    "acceptanceCriteria": [
      "POST /api/ingest/people-analyst endpoint"
    ],
    "technicalNotes": null,
    "estimatedEffort": null,
    "assignedTo": null,
    "dependencies": null,
    "tags": [
      "metric-market",
      "people-analyst",
      "ingestion",
      "phase4"
    ],
    "agentNotes": null,
    "position": 0,
    "createdAt": "2026-02-14T23:49:05.488Z",
    "updatedAt": "2026-02-14T23:49:05.488Z",
    "completedAt": null,
    "isDeleted": false,
    "deletedAt": null
  },
  {
    "id": 102,
    "title": "Create Forecast Dashboard Layout in Metric Market",
    "type": "feature",
    "appTarget": "metric-market",
    "status": "backlog",
    "priority": "medium",
    "description": "Build dashboard with confidence band cards and scenario toggle controls for headcount projections and workforce planning.",
    "acceptanceCriteria": [
      "Dashboard with confidence band cards",
      "Scenario toggle controls"
    ],
    "technicalNotes": null,
    "estimatedEffort": null,
    "assignedTo": null,
    "dependencies": null,
    "tags": [
      "metric-market",
      "people-analyst",
      "dashboard",
      "phase4"
    ],
    "agentNotes": null,
    "position": 0,
    "createdAt": "2026-02-14T23:49:05.494Z",
    "updatedAt": "2026-02-14T23:49:05.494Z",
    "completedAt": null,
    "isDeleted": false,
    "deletedAt": null
  },
  {
    "id": 103,
    "title": "Wire VOI Analysis to Bubble Scatter Cards",
    "type": "feature",
    "appTarget": "metric-market",
    "status": "backlog",
    "priority": "medium",
    "description": "Map PeopleAnalyst's Value of Information results (information value, decision impact) into bubble_scatter card data format.",
    "acceptanceCriteria": [
      "VOI results mapped to bubble_scatter"
    ],
    "technicalNotes": null,
    "estimatedEffort": null,
    "assignedTo": null,
    "dependencies": null,
    "tags": [
      "metric-market",
      "people-analyst",
      "voi",
      "phase4"
    ],
    "agentNotes": null,
    "position": 0,
    "createdAt": "2026-02-14T23:49:05.500Z",
    "updatedAt": "2026-02-14T23:49:05.500Z",
    "completedAt": null,
    "isDeleted": false,
    "deletedAt": null
  },
  {
    "id": 105,
    "title": "Add Segment Dimension Filtering Across Cards",
    "type": "feature",
    "appTarget": "metric-market",
    "status": "backlog",
    "priority": "medium",
    "description": "Integrate Segmentation Studio's population dimensions to enable segment-filtered views (department, location, tenure) across all card types.",
    "acceptanceCriteria": [
      "Segment-filtered card views"
    ],
    "technicalNotes": null,
    "estimatedEffort": null,
    "assignedTo": null,
    "dependencies": null,
    "tags": [
      "metric-market",
      "segmentation-studio",
      "filtering",
      "phase5"
    ],
    "agentNotes": null,
    "position": 0,
    "createdAt": "2026-02-14T23:49:05.512Z",
    "updatedAt": "2026-02-14T23:49:05.512Z",
    "completedAt": null,
    "isDeleted": false,
    "deletedAt": null
  },
  {
    "id": 106,
    "title": "Build Ecosystem Health Dashboard in Metric Market",
    "type": "feature",
    "appTarget": "metric-market",
    "status": "backlog",
    "priority": "medium",
    "description": "Create dashboard consuming Product Kanban's velocity and burndown data to display ecosystem development progress.",
    "acceptanceCriteria": [
      "Dashboard consuming Kanban velocity data"
    ],
    "technicalNotes": null,
    "estimatedEffort": null,
    "assignedTo": null,
    "dependencies": null,
    "tags": [
      "metric-market",
      "kanban",
      "ecosystem",
      "phase5"
    ],
    "agentNotes": null,
    "position": 0,
    "createdAt": "2026-02-14T23:49:05.518Z",
    "updatedAt": "2026-02-14T23:49:05.518Z",
    "completedAt": null,
    "isDeleted": false,
    "deletedAt": null
  },
  {
    "id": 107,
    "title": "Create ROI Analysis Cards in Metric Market",
    "type": "feature",
    "appTarget": "metric-market",
    "status": "backlog",
    "priority": "medium",
    "description": "Build card templates for VOI Calculator's investment return analyses using bullet_bar and stacked_area chart types.",
    "acceptanceCriteria": [
      "bullet_bar and stacked_area templates for ROI"
    ],
    "technicalNotes": null,
    "estimatedEffort": null,
    "assignedTo": null,
    "dependencies": null,
    "tags": [
      "metric-market",
      "voi-calculator",
      "roi",
      "phase5"
    ],
    "agentNotes": null,
    "position": 0,
    "createdAt": "2026-02-14T23:49:05.524Z",
    "updatedAt": "2026-02-14T23:49:05.524Z",
    "completedAt": null,
    "isDeleted": false,
    "deletedAt": null
  },
  {
    "id": 123,
    "title": "Expose Card Bundle Discovery API for Spoke Apps",
    "type": "feature",
    "appTarget": "metric-market",
    "status": "backlog",
    "priority": "critical",
    "description": "Ensure GET /api/bundles returns all available bundles with dataSchema, configSchema, and outputSchema JSON contracts.",
    "acceptanceCriteria": [
      "GET /api/bundles returns all bundle schemas"
    ],
    "technicalNotes": null,
    "estimatedEffort": null,
    "assignedTo": null,
    "dependencies": null,
    "tags": [
      "metric-market",
      "api",
      "bundles",
      "phase1"
    ],
    "agentNotes": null,
    "position": 0,
    "createdAt": "2026-02-14T23:49:05.624Z",
    "updatedAt": "2026-02-14T23:49:05.624Z",
    "completedAt": null,
    "isDeleted": false,
    "deletedAt": null
  },
  {
    "id": 124,
    "title": "Expose Card Data Push Endpoint for Spoke Apps",
    "type": "feature",
    "appTarget": "metric-market",
    "status": "backlog",
    "priority": "critical",
    "description": "Provide POST /api/cards/:id/data endpoint where spokes can push conforming metric payloads that populate card data stores and trigger auto-refresh.",
    "acceptanceCriteria": [
      "POST /api/cards/:id/data endpoint",
      "Auto-refresh on push"
    ],
    "technicalNotes": null,
    "estimatedEffort": null,
    "assignedTo": null,
    "dependencies": null,
    "tags": [
      "metric-market",
      "api",
      "push",
      "phase1"
    ],
    "agentNotes": null,
    "position": 0,
    "createdAt": "2026-02-14T23:49:05.630Z",
    "updatedAt": "2026-02-14T23:49:05.630Z",
    "completedAt": null,
    "isDeleted": false,
    "deletedAt": null
  },
  {
    "id": 125,
    "title": "Document Refresh Policy Configuration for Spoke Integrations",
    "type": "task",
    "appTarget": "metric-market",
    "status": "backlog",
    "priority": "high",
    "description": "Document how spokes should configure on_push vs scheduled vs manual refresh cadence for cards receiving pushed data.",
    "acceptanceCriteria": [
      "Refresh policy documentation published"
    ],
    "technicalNotes": null,
    "estimatedEffort": null,
    "assignedTo": null,
    "dependencies": null,
    "tags": [
      "metric-market",
      "documentation",
      "refresh",
      "phase1"
    ],
    "agentNotes": null,
    "position": 0,
    "createdAt": "2026-02-14T23:49:05.637Z",
    "updatedAt": "2026-02-14T23:49:05.637Z",
    "completedAt": null,
    "isDeleted": false,
    "deletedAt": null
  },
  {
    "id": 137,
    "title": "Expose Card Bundle Creation API for External Metric Sources",
    "type": "feature",
    "appTarget": "metric-market",
    "status": "backlog",
    "priority": "medium",
    "description": "API endpoint accepting metric definition payloads and auto-generating card bundles with appropriate chart type defaults.",
    "acceptanceCriteria": [
      "Metric definition to card bundle creation"
    ],
    "technicalNotes": null,
    "estimatedEffort": null,
    "assignedTo": null,
    "dependencies": null,
    "tags": [
      "metric-market",
      "conductor",
      "api",
      "phase2"
    ],
    "agentNotes": null,
    "position": 0,
    "createdAt": "2026-02-14T23:49:05.716Z",
    "updatedAt": "2026-02-14T23:49:05.716Z",
    "completedAt": null,
    "isDeleted": false,
    "deletedAt": null
  },
  {
    "id": 138,
    "title": "Enable CORS for Conductor Cross-Origin Calls (Metric Market)",
    "type": "task",
    "appTarget": "metric-market",
    "status": "backlog",
    "priority": "medium",
    "description": "Enable CORS on Metric Market API for .replit.app and .replit.dev origins.",
    "acceptanceCriteria": [
      "CORS enabled for .replit.app/.replit.dev"
    ],
    "technicalNotes": null,
    "estimatedEffort": null,
    "assignedTo": null,
    "dependencies": null,
    "tags": [
      "metric-market",
      "conductor",
      "cors",
      "phase2"
    ],
    "agentNotes": null,
    "position": 0,
    "createdAt": "2026-02-14T23:49:05.721Z",
    "updatedAt": "2026-02-14T23:49:05.721Z",
    "completedAt": null,
    "isDeleted": false,
    "deletedAt": null
  },
  {
    "id": 139,
    "title": "Expose Component Export API for Embeddable Chart Widgets",
    "type": "feature",
    "appTarget": "metric-market",
    "status": "backlog",
    "priority": "low",
    "description": "API returning embeddable chart widget packages (HTML/SVG/JS) for specific cards for Conductor embedding.",
    "acceptanceCriteria": [
      "Embeddable chart widget API"
    ],
    "technicalNotes": null,
    "estimatedEffort": null,
    "assignedTo": null,
    "dependencies": null,
    "tags": [
      "metric-market",
      "conductor",
      "embed",
      "phase3"
    ],
    "agentNotes": null,
    "position": 0,
    "createdAt": "2026-02-14T23:49:05.728Z",
    "updatedAt": "2026-02-14T23:49:05.728Z",
    "completedAt": null,
    "isDeleted": false,
    "deletedAt": null
  },
  {
    "id": 181,
    "title": "Accept Decision Tracking Cards via API in Metric Market",
    "type": "feature",
    "appTarget": "metric-market",
    "status": "backlog",
    "priority": "medium",
    "description": "Build endpoint to receive decision summaries from Decision Wizard as dashboard tracking cards.",
    "acceptanceCriteria": [
      "Accept decision summaries"
    ],
    "technicalNotes": null,
    "estimatedEffort": null,
    "assignedTo": null,
    "dependencies": null,
    "tags": [
      "metric-market",
      "decision-wizard",
      "api"
    ],
    "agentNotes": null,
    "position": 0,
    "createdAt": "2026-02-14T23:49:05.975Z",
    "updatedAt": "2026-02-14T23:49:05.975Z",
    "completedAt": null,
    "isDeleted": false,
    "deletedAt": null
  },
  {
    "id": 206,
    "title": "Expose Card Bundle Creation API Schema in Metric Market",
    "type": "feature",
    "appTarget": "metric-market",
    "status": "backlog",
    "priority": "medium",
    "description": "Expose card bundle creation API schema and supported chart types for survey data.",
    "acceptanceCriteria": [
      "API schema documented"
    ],
    "technicalNotes": null,
    "estimatedEffort": null,
    "assignedTo": null,
    "dependencies": null,
    "tags": [
      "metric-market",
      "preference-modeler",
      "api"
    ],
    "agentNotes": null,
    "position": 0,
    "createdAt": "2026-02-14T23:49:06.247Z",
    "updatedAt": "2026-02-14T23:49:06.247Z",
    "completedAt": null,
    "isDeleted": false,
    "deletedAt": null
  },
  {
    "id": 5,
    "title": "MetricMarket (Yahoo Finance-Style Dashboard)",
    "type": "project",
    "appTarget": "metric-market",
    "status": "backlog",
    "priority": "high",
    "description": "# MetricMarket\n\n## Project Overview\nExecutive-facing analytics dashboard modeled after Yahoo Finance, presenting HR metrics like stock tickers, indices, and analyst reports.\n\n## Key Capabilities\n- **Ticker Grid**: Real-time metric values with sparklines and color-coded change indicators\n- **Interactive Charts**: Time-series visualizations with zoom, pan, and annotation support\n- **Watchlists**: Customizable metric watchlists with threshold-based alerts\n- **Metric Detail Pages**: Deep-dive pages for individual metrics with historical trends\n- **Mobile-Responsive**: Full functionality on mobile and tablet devices\n\n## Design System\n- Yahoo Finance / Google Finance aesthetic\n- High information density with clean typography\n- Color-coded indicators: green (positive), red (negative), gray (neutral)\n- Dark mode support with finance-grade readability",
    "acceptanceCriteria": [
      "Ticker grid display with sparklines and color-coded indicators",
      "Interactive time-series charts (D3.js or Recharts)",
      "Metric watchlist with threshold alerts",
      "Mobile-responsive design",
      "Integration with MetricEngine API"
    ],
    "technicalNotes": null,
    "estimatedEffort": "8 weeks",
    "assignedTo": null,
    "dependencies": [
      "MetricEngine (Calculus)",
      "Metric Prioritization Algorithm"
    ],
    "tags": [
      "ui",
      "dashboard",
      "executive-facing"
    ],
    "agentNotes": null,
    "position": 4,
    "createdAt": "2026-02-08T18:27:06.667Z",
    "updatedAt": "2026-02-08T18:27:06.667Z",
    "completedAt": null,
    "isDeleted": false,
    "deletedAt": null
  }
]