{
  "hub": {
    "url": "http://682eb7bd-f279-41bd-ac9e-1ad52cd23036-00-sc7pg47dpokt.spock.replit.dev",
    "appSlug": "metric-market",
    "appName": "Metric Market",
    "generatedDate": "2026-02-12",
    "kitVersion": "2026-02-12-mljtre99",
    "kitType": "new_app"
  },
  "endpoints": {
    "required": {
      "health": "GET /health",
      "webhook": "POST /api/hub-webhook",
      "specifications": "GET /api/specifications"
    },
    "optional": {
      "processDirectives": "POST /api/process-directives",
      "receiveCards": "POST /api/receive-cards"
    }
  },
  "hubApi": {
    "fetchDirectives": "GET /api/hub/app/metric-market/directives",
    "updateDirective": "PATCH /api/hub/app/metric-market/directives/:id",
    "pushDocumentation": "POST /api/hub/app/metric-market/documentation",
    "fetchRegistry": "GET /api/hub/registry",
    "fetchArchitecture": "GET /api/hub/architecture",
    "fieldExchange": {
      "manifest": "GET /api/hub/app/metric-market/fields/manifest",
      "exchange": "POST /api/hub/app/metric-market/fields/exchange",
      "match": "POST /api/hub/app/metric-market/fields/match",
      "allFields": "GET /api/fields",
      "sdkDownload": "GET /api/sdk/field-exchange-client.ts"
    }
  },
  "kanbanApi": {
    "baseUrl": "https://people-analytics-kanban.replit.app",
    "fetchCards": "GET /api/kanban/cards",
    "createCard": "POST /api/kanban/cards",
    "updateCard": "PATCH /api/kanban/cards/:id",
    "boardStatus": "GET /api/kanban/hub/status",
    "deployCards": "POST http://682eb7bd-f279-41bd-ac9e-1ad52cd23036-00-sc7pg47dpokt.spock.replit.dev/api/kanban/deploy-cards"
  },
  "authentication": {
    "method": "X-API-Key header",
    "keyFormat": "pat_... (auto-generated by hub on registration)"
  },
  "documentation": {
    "scoredSections": [
      {
        "key": "overview",
        "title": "Application Overview",
        "description": "Purpose, core capabilities, key value proposition"
      },
      {
        "key": "tech_stack",
        "title": "Technology Stack",
        "description": "Frontend, backend, infrastructure, AI integration"
      },
      {
        "key": "ecosystem",
        "title": "Platform Ecosystem Context",
        "description": "Position in architecture, connected apps, data contracts, integration patterns"
      },
      {
        "key": "features",
        "title": "Features & Pages",
        "description": "Every page with purpose, features, current state"
      },
      {
        "key": "api_reference",
        "title": "Complete API Reference",
        "description": "Every endpoint with method, path, purpose, request/response"
      },
      {
        "key": "database",
        "title": "Database Schema",
        "description": "Every table with columns, types, relationships"
      },
      {
        "key": "data_contracts",
        "title": "Data Contracts & Export Formats",
        "description": "Any data formats the app produces/consumes"
      },
      {
        "key": "instance_data",
        "title": "Current Instance Data Summary",
        "description": "What data currently exists"
      },
      {
        "key": "health",
        "title": "System Health & Recommendations",
        "description": "Readiness metrics, validation warnings"
      }
    ],
    "scoringCriteria": {
      "sectionPresent": 20,
      "wordCount": {
        "over50": 40,
        "over20": 25,
        "over5": 10
      },
      "listsOrTables": 20,
      "codeOrSchemas": 20,
      "maxPerSection": 100
    }
  },
  "directives": {
    "types": [
      "requirement",
      "instruction",
      "doc_upgrade_request"
    ],
    "priorities": [
      "low",
      "medium",
      "high",
      "critical"
    ],
    "lifecycle": [
      "pending",
      "acknowledged",
      "in_progress",
      "completed",
      "rejected"
    ]
  }
}